id,address,email,first_name,gender,last_name,phone,picture,post_code,registered_date,username
a8113e42-63d7-4b91-a49d-3995823981b1,"6975 Castle Street, Greymouth, Bay of Plenty, New Zealand",samantha.davies@example.com,Samantha,female,Davies,(415)-967-3315,https://randomuser.me/api/portraits/med/women/6.jpg,60062,2002-06-26T01:05:26.665Z,beautifulcat892
a50f6800-194f-4e9f-ae09-8da3742e6312,"1375 Calle de Atocha, Palma de Mallorca, Andalucía, Spain",ricardo.montero@example.com,Ricardo,male,Montero,979-730-623,https://randomuser.me/api/portraits/med/men/70.jpg,96601,2014-03-19T10:58:37.642Z,goldenkoala805
170430eb-de50-4aa7-89d7-827a66bd8363,"6723 Parkvænget, Hirtsals, Danmark, Denmark",daniel.sorensen@example.com,Daniel,male,Sørensen,53853266,https://randomuser.me/api/portraits/med/men/42.jpg,18391,2003-11-09T01:34:26.493Z,organicelephant827
712049aa-12c9-4bd4-bd8d-54767de18d24,"9326 Simcoe St, Cochrane, Northwest Territories, Canada",victoria.ginnish@example.com,Victoria,female,Ginnish,Y77 Y34-7425,https://randomuser.me/api/portraits/med/women/18.jpg,Z5N 2R6,2015-03-19T12:00:35.942Z,sadduck793
ba40aefc-45af-40a1-8cc2-c2112d768108,"8997 Kirkevænget, Amager, Sjælland, Denmark",christoffer.pedersen@example.com,Christoffer,male,Pedersen,70161552,https://randomuser.me/api/portraits/med/men/32.jpg,21926,2012-01-25T17:45:09.579Z,bluezebra524
3077cf08-63a6-49f8-8f7b-0a7cd9b41167,"8136 Valwood Pkwy, Elk Grove, Alabama, United States",gloria.meyer@example.com,Gloria,female,Meyer,(851) 745-1653,https://randomuser.me/api/portraits/med/women/90.jpg,87376,2018-09-24T00:31:50.037Z,silverfrog683
4605a64c-b153-4abf-8e1c-e08c675f4c99,"3318 Rua São Pedro , Cariacica, Paraná, Brazil",ademar.caldeira@example.com,Ademar,male,Caldeira,(34) 2624-7138,https://randomuser.me/api/portraits/med/men/11.jpg,30605,2005-12-16T10:31:51.251Z,bigduck997
6fec4546-f15c-4898-95ad-1e2ded959f61,"127 Tunalı Hilmi Cd, Batman, Giresun, Turkey",nurdan.uluhan@example.com,Nurdan,female,Uluhan,(614)-030-9586,https://randomuser.me/api/portraits/med/women/9.jpg,62917,2002-04-19T21:13:00.273Z,brownswan477
3220dbfa-72d8-4a2a-b8a9-e000a3654457,"5548 Dyvekes vei, Hovden, Oslo, Norway",abigail.ulland@example.com,Abigail,female,Ulland,74032075,https://randomuser.me/api/portraits/med/women/72.jpg,9770,2018-01-30T17:06:18.143Z,bluekoala168
e49ab24e-8833-4e64-abc5-100755b1bb47,"7069 Grande Rue, Roubaix, Finistère, France",lise.faure@example.com,Lise,female,Faure,03-97-88-05-08,https://randomuser.me/api/portraits/med/women/36.jpg,71745,2006-07-13T14:30:08.081Z,crazypanda988
c851b9d8-b237-47e1-bbfb-bc06430432f6,"2515 Periférico Norte Beltrán, Oacalco, Veracruz, Mexico",concepcion.calderon@example.com,Concepción,female,Calderón,(604) 918 3057,https://randomuser.me/api/portraits/med/women/84.jpg,96525,2003-06-13T07:31:55.961Z,organicelephant426
b8593d96-93b8-4e60-a1ed-8d9e2ddf7a07,"8428 Bhootnath Rd, Berhampore, Rajasthan, India",adyasa.gamskar@example.com,Adyasa,female,Gamskar,9624611819,https://randomuser.me/api/portraits/med/women/36.jpg,60865,2019-07-16T23:12:52.288Z,browngorilla935
d9a4e1e3-0441-4f9c-b700-5ce3cac6ea97,"6880 Bruce St, Bathurst, Tasmania, Australia",terry.wilson@example.com,Terry,female,Wilson,02-0868-5106,https://randomuser.me/api/portraits/med/women/15.jpg,6004,2020-01-08T17:16:26.362Z,goldensnake619
1856feda-5fbb-4d01-a2e4-0dfeac41d1bf,"4426 Rue des Écoles, Versailles, Aisne, France",norah.roy@example.com,Norah,female,Roy,05-49-30-74-22,https://randomuser.me/api/portraits/med/women/54.jpg,24794,2004-08-07T12:12:08.076Z,yellowkoala575
c562c2a9-81ef-4693-9468-94c1bd7066aa,"9537 Kastanie Alle, Snertinge, Sjælland, Denmark",sara.rasmussen@example.com,Sara,female,Rasmussen,76837424,https://randomuser.me/api/portraits/med/women/83.jpg,75014,2002-06-24T09:04:06.004Z,brownwolf585
c7dbba0a-9e45-4f76-9355-37ff4d0afe82,"7628 Concession Road 23, Dorchester, Saskatchewan, Canada",abigail.knight@example.com,Abigail,female,Knight,L10 X70-3110,https://randomuser.me/api/portraits/med/women/17.jpg,B8S 9G9,2010-09-09T13:45:52.104Z,blackzebra942
ed07662c-907f-423b-94db-89294eacc0dd,"2270 Esplanade du 9 Novembre 1989, Nîmes, La Réunion, France",leane.guillaume@example.com,Léane,female,Guillaume,05-10-39-32-30,https://randomuser.me/api/portraits/med/women/88.jpg,10557,2002-11-06T17:00:20.912Z,redmeercat436
580db02a-ade5-443a-9486-f2964a961d72,"8485 Place des 44 Enfants D'Izieu, Rennes, Manche, France",maiwenn.denis@example.com,Maïwenn,female,Denis,04-03-27-06-80,https://randomuser.me/api/portraits/med/women/48.jpg,49987,2005-09-01T06:37:13.087Z,redfish399
035abf19-193e-405e-a7e6-bd976ee456bb,"5875 Calle de Alcalá, Torrevieja, Cataluña, Spain",mohamed.dominguez@example.com,Mohamed,male,Domínguez,982-750-889,https://randomuser.me/api/portraits/med/men/7.jpg,94873,2010-12-07T09:02:31.634Z,beautifulbird150
0907c1d5-fa90-42c7-ab84-7c9cfabf36dc,"9338 Rua São Paulo , Tatuí, Tocantins, Brazil",zaira.cavalcanti@example.com,Zaira,female,Cavalcanti,(41) 4910-6687,https://randomuser.me/api/portraits/med/women/28.jpg,23533,2015-08-21T13:52:08.672Z,sadleopard137
597500fe-371a-4eaf-92af-de84a32b5c73,"7383 Calle de La Almudena, Santander, Melilla, Spain",sofia.garrido@example.com,Sofia,female,Garrido,943-377-301,https://randomuser.me/api/portraits/med/women/14.jpg,70277,2007-07-16T17:18:25.746Z,whitebutterfly523
2b390acb-33e7-4dbf-a576-134af672b464,"3957 Eje vial México, Canelas, Sonora, Mexico",abelardo.riojas@example.com,Abelardo,male,Riojas,(609) 831 1350,https://randomuser.me/api/portraits/med/men/48.jpg,65834,2019-11-16T12:10:34.289Z,brownleopard621
08a2e19b-9c1b-45c4-b6a9-11147c989aa8,"6163 Rue Jean-Baldassini, Brest, Pyrénées-Atlantiques, France",lyam.fontai@example.com,Lyam,male,Fontai,04-54-98-26-40,https://randomuser.me/api/portraits/med/men/55.jpg,98999,2010-03-04T04:24:37.196Z,purplerabbit281
db18fee1-80e0-4ed5-bd8d-7f6e9c132c6b,"9423 E Pecan St, Cleveland, Maine, United States",steve.kelley@example.com,Steve,male,Kelley,(640) 764-1297,https://randomuser.me/api/portraits/med/men/50.jpg,77068,2017-06-17T19:24:48.702Z,goldenbear901
3177fd14-8ad9-47e2-af35-01ef4e90cc03,"9617 Rectory Lane, Belfast, Central, United Kingdom",amelia.alexander@example.com,Amelia,female,Alexander,016974 89323,https://randomuser.me/api/portraits/med/women/72.jpg,OA3V 9LX,2019-08-04T04:47:18.501Z,tinybear916
5d40aeda-9146-41a0-b97f-93e0aaf55dc4,"27 Calle de Ferraz, Arrecife, La Rioja, Spain",lourdes.duran@example.com,Lourdes,female,Duran,933-951-996,https://randomuser.me/api/portraits/med/women/90.jpg,82049,2020-05-09T14:56:53.020Z,sadbutterfly629
bd503a7c-304a-46e6-b6aa-f3b5f5bf9cd0,"1205 Rue du Dauphiné, Egg, Glarus, Switzerland",fatmir.robin@example.com,Fatmir,male,Robin,076 529 74 12,https://randomuser.me/api/portraits/med/men/72.jpg,6955,2014-08-03T18:00:50.010Z,ticklishmouse704
8e7a4013-4139-439b-a5ca-35b9a6434b2d,"1001 Borger Withs gate, Prestfoss, Nord-Trøndelag, Norway",ethan.moller@example.com,Ethan,male,Møller,68441458,https://randomuser.me/api/portraits/med/men/15.jpg,9373,2005-09-25T12:30:34.490Z,crazygoose991
d0d2ea79-c109-46ea-8ed5-470ca0f5758c,"6061 Søndergårds Haver, Aarhus, Syddanmark, Denmark",bertram.sorensen@example.com,Bertram,male,Sørensen,09828861,https://randomuser.me/api/portraits/med/men/70.jpg,43642,2013-11-12T20:42:09.417Z,yellowelephant347
772dae6b-ab74-4aa9-bd04-84af7454d951,"9859 Callejón Urbina, Chilón, Baja California, Mexico",alonso.ballesteros@example.com,Alonso,male,Ballesteros,(623) 854 3483,https://randomuser.me/api/portraits/med/men/24.jpg,70860,2009-08-03T11:16:23.458Z,brownbear960
cf0d8a82-87a7-442d-bc03-fbdf02dd7949,"7814 Roscommon Road, Gisborne, Hawke'S Bay, New Zealand",mackenzie.brown@example.com,Mackenzie,female,Brown,(926)-258-1041,https://randomuser.me/api/portraits/med/women/83.jpg,44316,2016-12-02T14:03:31.732Z,purplewolf288
6cdf606b-f36d-43fc-89c1-4f9ebb558caf,"1880 Abanoz Sk, Karabük, Karaman, Turkey",buse.kuday@example.com,Buse,female,Kuday,(304)-366-7868,https://randomuser.me/api/portraits/med/women/8.jpg,83396,2020-03-30T23:24:45.918Z,happybird383
378a5f5a-9b4b-48ca-9f5c-91ba57925976,"7371 Avenida de América, La Coruña, Castilla y León, Spain",irene.lopez@example.com,Irene,female,López,932-478-692,https://randomuser.me/api/portraits/med/women/7.jpg,82802,2017-07-27T11:52:32.232Z,angrykoala900
30bf9884-079c-4b29-9bf3-c05e1bff7000,"9887 Ištvana Lakija, Priština, West Bačka, Serbia",vojislava.santrac@example.com,Vojislava,female,Santrač,033-8359-188,https://randomuser.me/api/portraits/med/women/78.jpg,13647,2009-11-19T09:59:30.391Z,purplepeacock383
a4fc8b83-45bf-4732-aed5-1b212f2455b1,"718 Calle de Alberto Aguilera, Pozuelo de Alarcón, Ceuta, Spain",beatriz.gil@example.com,Beatriz,female,Gil,932-904-826,https://randomuser.me/api/portraits/med/women/53.jpg,44626,2012-12-14T16:17:29.360Z,blackfrog264
a04c5776-292d-4d6f-8dcf-e4989814015e,"9309 Boghall Road, Wicklow, Offaly, Ireland",kaitlin.west@example.com,Kaitlin,female,West,061-526-2375,https://randomuser.me/api/portraits/med/women/22.jpg,32424,2014-02-24T06:41:04.224Z,bluetiger609
19bba08f-4c7b-4341-a169-6d5a1399ffe2,"2670 Dalgårdsvej, Nykøbing Sj., Midtjylland, Denmark",albert.olsen@example.com,Albert,male,Olsen,69922990,https://randomuser.me/api/portraits/med/men/63.jpg,41260,2019-12-15T23:16:12.108Z,bluekoala393
1b53ab36-5204-4a51-9ccd-8cd3ebc93301,"6628 Beeldhouwerstraat, Berghem, Zeeland, Netherlands",rylana.menkveld@example.com,Rylana,female,Menkveld,(0094) 854812,https://randomuser.me/api/portraits/med/women/48.jpg,1612 SK,2020-09-18T15:40:06.681Z,goldenbear971
b8ea231c-ac1f-4275-821e-0e7ba301fb85,"5494 Coronation Avenue, Hamilton, Wellington, New Zealand",stella.martin@example.com,Stella,female,Martin,(946)-788-6794,https://randomuser.me/api/portraits/med/women/13.jpg,23247,2016-08-13T12:35:36.464Z,sadrabbit540
35a549bf-1f99-4437-933f-dedbfb0dc2e7,"5480 شهید همت, خمینی‌شهر, چهارمحال و بختیاری, Iran",mhdy.aalyzdh@example.com,مهدي,male,علیزاده,056-13404894,https://randomuser.me/api/portraits/med/men/82.jpg,42182,2008-10-17T09:03:09.647Z,heavymouse148
82e4a1b4-0380-4b6d-843c-95bb5be89b77,"798 Abanoz Sk, Bayburt, Konya, Turkey",oguzhan.besok@example.com,Oğuzhan,male,Beşok,(029)-812-4735,https://randomuser.me/api/portraits/med/men/56.jpg,35098,2004-07-25T00:20:03.485Z,whitecat416
b7727546-0914-46ed-8719-94ee1d85d986,"3407 Højen, Rødvig Stevns, Hovedstaden, Denmark",bertram.pedersen@example.com,Bertram,male,Pedersen,96490008,https://randomuser.me/api/portraits/med/men/10.jpg,93448,2018-09-20T19:58:35.461Z,blackfrog292
2cdf7b55-51a7-41f4-9cce-20a9621d21e3,"6462 Pyynikintie, Säkylä, Kymenlaakso, Finland",leevi.sippola@example.com,Leevi,male,Sippola,05-639-862,https://randomuser.me/api/portraits/med/men/53.jpg,18825,2004-11-26T01:01:05.734Z,greenlion125
0a85ea2b-29a1-4d1d-8fcf-cdf04248df74,"4940 Marka Nešića, Koceljeva, Raška, Serbia",ana.urosevic@example.com,Ana,female,Urošević,013-6352-954,https://randomuser.me/api/portraits/med/women/74.jpg,57373,2015-07-10T18:09:42.253Z,yellowkoala491
ecb2f77f-069b-4bf5-b285-03b004b910d8,"1861 Windsor Road, Leeds, Lancashire, United Kingdom",lewis.ryan@example.com,Lewis,male,Ryan,0191 249 0349,https://randomuser.me/api/portraits/med/men/30.jpg,SO5V 7HP,2017-07-16T01:37:26.434Z,blackmouse610
470f8d9a-f457-4eee-87b3-8d458eb7759a,"9568 Olega Olzhicha, Makiyivka, Zhitomirska, Ukraine",dominik.kozmenko@example.com,Dominik,male,Kozmenko,(099) U94-5920,https://randomuser.me/api/portraits/med/men/87.jpg,66847,2004-04-26T14:19:22.644Z,angrycat127
e4d31ede-56e1-469e-9d1b-ea323303d84a,"7619 Oppegårdgata, Lødingen, Buskerud, Norway",medina.aalberg@example.com,Medina,female,Aalberg,56437229,https://randomuser.me/api/portraits/med/women/33.jpg,8681,2010-01-20T06:21:04.645Z,lazygorilla312
682ccc88-6dc4-4639-80ff-e15e1ee6d253,"7321 Rue de L'Abbé-Patureau, Coinsins, Basel-Stadt, Switzerland",ilija.menard@example.com,Ilija,male,Menard,077 975 65 67,https://randomuser.me/api/portraits/med/men/5.jpg,3211,2014-07-16T08:45:56.229Z,greenmouse758
6691acc5-963b-49cb-ba84-65f9568e259a,"3990 Concession Road 6, Springfield, Alberta, Canada",abigail.gagnon@example.com,Abigail,female,Gagnon,O26 Y18-9279,https://randomuser.me/api/portraits/med/women/40.jpg,G1D 0W8,2009-06-01T03:27:55.149Z,goldenfrog494
c6c8eb24-6d8a-4f67-9e5b-571b56f933fb,"2919 Milorada Popovića, Irig, Šumadija, Serbia",damir.perisic@example.com,Damir,male,Perišić,021-2539-152,https://randomuser.me/api/portraits/med/men/5.jpg,19122,2016-03-06T20:48:38.050Z,organictiger904
